model,N,rho,heterogeneity,rmse,bias,sd,rmse_relative
sdim,100,0.1,Mild,1.82643860753745,-1.32333544880374,1.25946318904814,1.1944165021603
sdim,100,0.1,None,,,,
sdim,100,0.1,Strong,1.2827474644185,-0.0272413825193984,1.28309988304122,
sdim,100,0.142105263157895,Mild,1.75601943393744,-1.37777081751158,1.08928341819042,1.1987116014912
sdim,100,0.142105263157895,None,1.33489670251611,-0.0320919352224088,1.33517864576174,3.50133151933542
sdim,100,0.142105263157895,Strong,1.0188854939227,-0.0429910374108672,1.01848747521293,1.24969621759246
sdim,100,0.18421052631579,Mild,1.71078443458619,-1.39811435910059,0.986424175064799,1.19195527500908
sdim,100,0.18421052631579,None,1.11129116425754,-0.000457067377504919,1.11184713287987,3.50148465348162
sdim,100,0.18421052631579,Strong,0.904509426866243,-0.0533325359948692,0.90338754305514,1.17938476738196
sdim,100,0.226315789473684,Mild,1.62013439679489,-1.31000202558868,0.95375038475899,1.14676037389308
sdim,100,0.226315789473684,None,1.04698246128269,-0.00223732810383852,1.04750395375371,3.6169893720012
sdim,100,0.226315789473684,Strong,0.818337712512209,-0.0394284876108021,0.817796305250471,1.09986635661401
sdim,100,0.268421052631579,Mild,1.58255537222979,-1.29696401175553,0.90729766197857,1.13740915014108
sdim,100,0.268421052631579,None,0.985031958752507,-0.0514807836206762,0.984177979319076,3.43960632138677
sdim,100,0.268421052631579,Strong,0.808209962531014,-0.0373947760220332,0.807748371519458,1.08071048049163
sdim,100,0.310526315789474,Mild,1.53349755251694,-1.29475740202767,0.82212767097172,1.1025807096914
sdim,100,0.310526315789474,None,0.936149063919791,-0.00929105415928118,0.936571359856051,3.42737072821842
sdim,100,0.310526315789474,Strong,0.7422155442595,-0.05295417942899,0.740694537187123,1.06720135682998
sdim,100,0.352631578947368,Mild,1.56077286885454,-1.33794357804497,0.804092964535971,1.10404510676203
sdim,100,0.352631578947368,None,0.895644320731562,0.01111832543034,0.896023431662596,3.44943956015787
sdim,100,0.352631578947368,Strong,0.76549999668244,-0.0449247842433281,0.764562989718148,1.05359598201227
sdim,100,0.394736842105263,Mild,1.58314745714794,-1.34478499734595,0.83582760769015,1.11391221894767
sdim,100,0.394736842105263,None,0.916913152592246,-0.0182119435347961,0.917190980005331,3.51906933518309
sdim,100,0.394736842105263,Strong,0.723346584979945,-0.0447447674459498,0.722322599484526,1.037027608643
sdim,100,0.436842105263158,Mild,1.5788193565213,-1.35882492371584,0.804308584757425,1.10838807698506
sdim,100,0.436842105263158,None,0.869260908342813,0.00391938501662619,0.869687024575381,3.49351854713715
sdim,100,0.436842105263158,Strong,0.704006689996857,-0.0222388796859319,0.70400744191302,1.01118289413524
sdim,100,0.478947368421053,Mild,1.53240556852568,-1.28415872834569,0.836602109698544,1.08980087877245
sdim,100,0.478947368421053,None,0.929455760205104,-0.00661867538267514,0.929897258962975,3.79405306320763
sdim,100,0.478947368421053,Strong,0.684774412943696,-0.046875326759072,0.683509975238009,1.00330867531131
sdim,100,0.521052631578947,Mild,1.54857354553419,-1.32649810868699,0.799451008813974,1.10911508420492
sdim,100,0.521052631578947,None,0.906597549437484,-0.0350384350345759,0.906373508910114,3.72289541324021
sdim,100,0.521052631578947,Strong,0.725142322926079,-0.0658146371950778,0.722510791527285,1.00438779554406
sdim,100,0.563157894736842,Mild,1.54128108424393,-1.29083142195385,0.842621879835266,1.1144537810095
sdim,100,0.563157894736842,None,0.868118834025965,-0.00847292477077574,0.868511849296714,3.39789965839221
sdim,100,0.563157894736842,Strong,0.723648478469092,-0.0469278000572053,0.722486601163845,1.00668039253915
sdim,100,0.605263157894737,Mild,1.51416208886794,-1.27632544704183,0.815073327454352,1.07877694179522
sdim,100,0.605263157894737,None,0.886201310571281,-0.0119039345024379,0.886564750177829,3.38560839544591
sdim,100,0.605263157894737,Strong,0.727027444126133,-0.0285586422423342,0.726829821936268,1.02638558557873
sdim,100,0.647368421052632,Mild,1.59787295998895,-1.33434363000829,0.879487675804535,1.12105153234135
sdim,100,0.647368421052632,None,0.876810976233036,-0.0207155184422574,0.877004841965669,3.33597923489559
sdim,100,0.647368421052632,Strong,0.74298483417405,-0.0693296177837338,0.740113258593675,1.02864811378789
sdim,100,0.689473684210526,Mild,1.55725944249412,-1.28456715530657,0.880749632222083,1.11238489341005
sdim,100,0.689473684210526,None,0.937964903531271,0.0186294244776526,0.938249122683456,3.77016040478096
sdim,100,0.689473684210526,Strong,0.756563056858293,-0.0444898115043101,0.755631719139718,1.04743487153804
sdim,100,0.731578947368421,Mild,1.60324072595731,-1.29025747851918,0.952115007486465,1.12367782440648
sdim,100,0.731578947368421,None,0.978188544219592,0.0544423471662995,0.97716104229551,3.42102462709905
sdim,100,0.731578947368421,Strong,0.794057994409258,-0.00461700426015515,0.794441891944647,1.14674528592885
sdim,100,0.773684210526316,Mild,1.65264396427245,-1.30196611991227,1.01840730982031,1.16471060104414
sdim,100,0.773684210526316,None,1.07050993529573,-0.0334892786750606,1.07052137100876,3.56264736104269
sdim,100,0.773684210526316,Strong,0.836960774464006,-0.080749181568661,0.833473206079615,1.14128886319676
sdim,100,0.81578947368421,Mild,1.7124897860957,-1.31120800353273,1.1020750466108,1.19297317917107
sdim,100,0.81578947368421,None,1.11767379141346,0.0301984330449531,1.1178248033324,3.50756859616482
sdim,100,0.81578947368421,Strong,0.904430815089719,-0.0505132981543783,0.90347095457418,1.1871289686148
sdim,100,0.857894736842105,Mild,1.84353050767656,-1.32141528234541,1.28612616209415,1.29664692567923
sdim,100,0.857894736842105,None,1.24725017640485,0.0210585076069317,1.24769639259212,3.4879049854482
sdim,100,0.857894736842105,Strong,0.98162439144946,-0.00223417861010772,0.982113028288901,1.18979953405135
sdim,100,0.9,Mild,2.08176732301577,-1.39551999266029,1.54553156068284,
sdim,100,0.9,None,1.5250937199368,-0.0732889338828165,1.52409397650217,
sdim,100,0.9,Strong,1.22260615374463,-0.102408132312846,1.21891925317315,
sdim,500,0.1,Mild,1.40585960287318,-1.29876038822085,0.538472496613112,1.05139036808575
sdim,500,0.1,None,0.64913207500448,-0.00501944520266923,0.649437468117196,3.56926867772972
sdim,500,0.1,Strong,0.549426809705602,-0.0450285169004569,0.547852529685958,1.40029023071016
sdim,500,0.142105263157895,Mild,1.40355354115802,-1.32872790007351,0.452381873888958,1.03891398719839
sdim,500,0.142105263157895,None,0.565017858857381,-0.00539910322792934,0.565274770424252,3.57830607051462
sdim,500,0.142105263157895,Strong,0.455143788087818,-0.0396301490103007,0.453642050778567,1.29522410003625
sdim,500,0.18421052631579,Mild,1.39705127318627,-1.32857613384945,0.432232045339131,1.04306751658854
sdim,500,0.18421052631579,None,0.499623956845891,-0.00562635662946058,0.499842259768092,3.69280572460926
sdim,500,0.18421052631579,Strong,0.425044885265927,-0.0616132564749949,0.420765974292592,1.25943064353606
sdim,500,0.226315789473684,Mild,1.38805195442275,-1.32821912782044,0.403342114749061,1.03416667633508
sdim,500,0.226315789473684,None,0.463724339094618,0.00626193707219787,0.463914072948778,3.52011676814307
sdim,500,0.226315789473684,Strong,0.382955118071303,-0.047427683127085,0.380197037228487,1.14817972858861
sdim,500,0.268421052631579,Mild,1.37111772348278,-1.31159084427134,0.399816360338328,1.03394675477834
sdim,500,0.268421052631579,None,0.443158175511723,-0.0261319324287629,0.442608396693104,3.70174088815696
sdim,500,0.268421052631579,Strong,0.355920780182583,-0.0449609131605094,0.353246232753452,1.11558320114403
sdim,500,0.310526315789474,Mild,1.35360992548094,-1.30395952206577,0.363430153745089,1.01252666031726
sdim,500,0.310526315789474,None,0.399747086812985,-0.0013333739477755,0.399944885504021,3.29357328002258
sdim,500,0.310526315789474,Strong,0.341908856983667,-0.0499889026219373,0.338404038675551,1.05989807444071
sdim,500,0.352631578947368,Mild,1.36545308293751,-1.31229941913086,0.377458383246992,1.02797675400078
sdim,500,0.352631578947368,None,0.411707539666996,-0.00119153691227093,0.411911822855628,3.65296031311495
sdim,500,0.352631578947368,Strong,0.329420762434468,-0.0271861852572618,0.328461317191165,1.06123328914723
sdim,500,0.394736842105263,Mild,1.37250298821598,-1.32544992013623,0.356474453374408,1.02198903281958
sdim,500,0.394736842105263,None,0.407388819627332,0.0282907302859944,0.40660867618976,3.60991930748137
sdim,500,0.394736842105263,Strong,0.331783980328465,-0.0520021859122419,0.327847321369379,1.02688365925172
sdim,500,0.436842105263158,Mild,1.3682074038608,-1.32004912278319,0.359988062057143,1.02152526771009
sdim,500,0.436842105263158,None,0.377619416434634,-0.00329781303014652,0.377793960213799,3.44750205368708
sdim,500,0.436842105263158,Strong,0.325976103133931,-0.0546237330507611,0.321527677890461,1.01675009536092
sdim,500,0.478947368421053,Mild,1.36617013143795,-1.31521026980656,0.369837199024535,1.02472622736438
sdim,500,0.478947368421053,None,0.386843753551527,0.00447629052563966,0.387011408507914,3.54317759543172
sdim,500,0.478947368421053,Strong,0.321156335418864,-0.0506557117507171,0.317294920717958,1.01119187589792
sdim,500,0.521052631578947,Mild,1.35934843904818,-1.31379701070998,0.349123876114348,1.02234373886465
sdim,500,0.521052631578947,None,0.397579978634605,-0.00410328361858543,0.397757732405451,3.52353858229312
sdim,500,0.521052631578947,Strong,0.311483804717774,-0.0390544821871641,0.309180368916068,1.00829816465313
sdim,500,0.563157894736842,Mild,1.3665093438073,-1.31800571725441,0.361025006131716,1.02159315039527
sdim,500,0.563157894736842,None,0.408793537767138,0.00653686002459037,0.408945794261092,3.55101528694965
sdim,500,0.563157894736842,Strong,0.305732177234507,-0.0409877703687115,0.303123821115533,1.0119339187704
sdim,500,0.605263157894737,Mild,1.36154165856177,-1.31085574446332,0.368223429048647,1.01937524657638
sdim,500,0.605263157894737,None,0.403884543694161,0.0180533058504056,0.403682749873534,3.68247087049014
sdim,500,0.605263157894737,Strong,0.3149081401462,-0.0394524605271518,0.312583346384815,1.02959193210156
sdim,500,0.647368421052632,Mild,1.34774819926153,-1.29524569833143,0.372696514954046,1.02040984236469
sdim,500,0.647368421052632,None,0.394071537475623,-0.00813122097578905,0.394184780953526,3.53186680252503
sdim,500,0.647368421052632,Strong,0.338004010810193,-0.048693849187689,0.334645495985,1.03567410298214
sdim,500,0.689473684210526,Mild,1.38168348022647,-1.31789580663814,0.415177377311158,1.03856942626438
sdim,500,0.689473684210526,None,0.428170774252136,-0.0109361718023845,0.428245263927178,3.57521170256725
sdim,500,0.689473684210526,Strong,0.340875897968075,-0.06188307065923,0.3353794011624,1.07608033372977
sdim,500,0.731578947368421,Mild,1.37836201337099,-1.31434686037968,0.415387430276163,1.03010868593253
sdim,500,0.731578947368421,None,0.434772721233057,-0.0134068629375728,0.43478340787838,3.56528331115444
sdim,500,0.731578947368421,Strong,0.356903014570188,-0.0385965908117938,0.354987437901769,1.11381939201167
sdim,500,0.773684210526316,Mild,1.3919217998574,-1.32152079248921,0.437287448081012,1.03354727055852
sdim,500,0.773684210526316,None,0.467572651931899,-0.00630472659727107,0.467764084230137,3.46443772846074
sdim,500,0.773684210526316,Strong,0.36853103985094,-0.0455004556436506,0.365894403598114,1.12168641089357
sdim,500,0.81578947368421,Mild,1.4113075958904,-1.32789313235425,0.47824436948206,1.05397678865292
sdim,500,0.81578947368421,None,0.498963375292148,-0.010173676790233,0.49910926282703,3.3565334318812
sdim,500,0.81578947368421,Strong,0.408651369094162,-0.0563815627811154,0.404945727082994,1.20640985344897
sdim,500,0.857894736842105,Mild,1.42637589888456,-1.31980761091037,0.541247655076594,1.07261605872351
sdim,500,0.857894736842105,None,0.542134194729519,-0.00252809289924469,0.542399567784165,3.50983364879052
sdim,500,0.857894736842105,Strong,0.459585819641883,-0.0659456548313961,0.455057549765256,1.25888916102124
sdim,500,0.9,Mild,1.44541543102034,-1.31168346655776,0.607520644195607,1.082180015004
sdim,500,0.9,None,0.681728967693539,0.0221979324863432,0.681708415342938,3.72356785652928
sdim,500,0.9,Strong,0.51776278092694,-0.0397162220482677,0.516495582465249,1.32292149823181
sdim,1000,0.1,Mild,1.38198305329878,-1.32795001465143,0.382847868849955,1.03358513700381
sdim,1000,0.1,None,0.456724903035525,0.00562737945530602,0.45691875032403,3.56487185134197
sdim,1000,0.1,Strong,0.379699608129341,-0.0631290534360526,0.374602244878098,1.41662658983794
sdim,1000,0.142105263157895,Mild,1.38030907778949,-1.33452121398859,0.352747374693068,1.03135125986193
sdim,1000,0.142105263157895,None,0.396178111118896,-0.00700040517597304,0.396314465055618,3.63817235484792
sdim,1000,0.142105263157895,Strong,0.322178457352288,-0.0509114882186516,0.318289627597725,1.2821366635594
sdim,1000,0.18421052631579,Mild,1.3456632242392,-1.31054949832271,0.305553413341015,1.01476132125252
sdim,1000,0.18421052631579,None,0.363915039733704,0.0134884770572665,0.363846948225201,3.66232420307777
sdim,1000,0.18421052631579,Strong,0.282548145816855,-0.025756146598643,0.281512566223737,1.2287560427171
sdim,1000,0.226315789473684,Mild,1.35951669237526,-1.32822087174656,0.290170901118008,1.01682962294782
sdim,1000,0.226315789473684,None,0.327417514533845,0.000446183412215505,0.327581042007877,3.56967526911585
sdim,1000,0.226315789473684,Strong,0.267724446123689,-0.0379790931677168,0.265149527259997,1.14017762075242
sdim,1000,0.268421052631579,Mild,1.34381986677072,-1.31553989100214,0.274375493477776,1.01220719987934
sdim,1000,0.268421052631579,None,0.320859949183632,0.0146360634293723,0.320686345780085,3.63677126052908
sdim,1000,0.268421052631579,Strong,0.256402692169097,-0.0285052337326818,0.254940751917763,1.11210768858872
sdim,1000,0.310526315789474,Mild,1.35836544602048,-1.33445768603417,0.253857859716197,1.01406609362753
sdim,1000,0.310526315789474,None,0.298362071101308,-0.00547606908748335,0.298461081476911,3.58052234009535
sdim,1000,0.310526315789474,Strong,0.235839936548311,-0.0363561386480451,0.233137427097472,1.05968072691231
sdim,1000,0.352631578947368,Mild,1.34183147564306,-1.31713862912674,0.256365489004459,1.00830703587915
sdim,1000,0.352631578947368,None,0.292849290144699,0.00467433904589531,0.292958498724159,3.61808497321939
sdim,1000,0.352631578947368,Strong,0.242277245365107,-0.0412923341928866,0.238851956273385,1.05291404375235
sdim,1000,0.394736842105263,Mild,1.34938021720685,-1.32483032890287,0.256353832613897,1.01542740095941
sdim,1000,0.394736842105263,None,0.286310631258465,-0.00655929123970877,0.286378710863935,3.54724830675228
sdim,1000,0.394736842105263,Strong,0.231410762061604,-0.0429834114072378,0.227497521445823,1.0203711005005
sdim,1000,0.436842105263158,Mild,1.34376155145727,-1.31891513139037,0.257340645005672,1.01438899319239
sdim,1000,0.436842105263158,None,0.277618195212963,0.00315006744832896,0.277739227454172,3.40087870494023
sdim,1000,0.436842105263158,Strong,0.227894084849393,-0.0323941671809359,0.225692864555145,1.02783974492153
sdim,1000,0.478947368421053,Mild,1.33848046137791,-1.31544649237768,0.247369486486312,1.00945846179327
sdim,1000,0.478947368421053,None,0.272485114752314,-0.00378325468822253,0.272595181319157,3.50403172399621
sdim,1000,0.478947368421053,Strong,0.230986900851619,-0.0397093731395049,0.227661907208687,1.00892710120948
sdim,1000,0.521052631578947,Mild,1.35040003847605,-1.32684494833894,0.251248627571179,1.01447438191545
sdim,1000,0.521052631578947,None,0.277543960378031,0.00940278902476812,0.277523434609828,3.47150854800343
sdim,1000,0.521052631578947,Strong,0.224390986429078,-0.0359636941380888,0.221601070685784,1.00680202082073
sdim,1000,0.563157894736842,Mild,1.35464728612694,-1.33007485690507,0.256975059142067,1.0118347275649
sdim,1000,0.563157894736842,None,0.279688180838661,0.00737999018010187,0.279730698188974,3.78866463630178
sdim,1000,0.563157894736842,Strong,0.22568339381284,-0.0479067163759815,0.220650464301231,1.01108485153773
sdim,1000,0.605263157894737,Mild,1.35827586416751,-1.33212331106931,0.265388844008716,1.01851800741366
sdim,1000,0.605263157894737,None,0.286774610299647,-0.0201772264081266,0.28620704239782,3.75974062288668
sdim,1000,0.605263157894737,Strong,0.229970419164698,-0.041435744151722,0.226319891946932,1.01116590013812
sdim,1000,0.647368421052632,Mild,1.3487817640849,-1.32142841583167,0.270392864665206,1.00998150628432
sdim,1000,0.647368421052632,None,0.28731973690103,-0.00879452621158727,0.28732881054109,3.54526855518254
sdim,1000,0.647368421052632,Strong,0.234881242667314,-0.0384908714515007,0.231821897939366,1.03296471426974
sdim,1000,0.689473684210526,Mild,1.3472302559135,-1.31566837277256,0.290052108353522,1.01094635376143
sdim,1000,0.689473684210526,None,0.292627071704889,0.000295288873427775,0.292773346005388,3.43523810145132
sdim,1000,0.689473684210526,Strong,0.23748130627212,-0.051935223826066,0.231848780915624,1.05950681204937
sdim,1000,0.731578947368421,Mild,1.36033620850755,-1.32989761018605,0.286302140253324,1.01834983043058
sdim,1000,0.731578947368421,None,0.324072453694767,0.0110588319648966,0.324045773221101,3.66794745026588
sdim,1000,0.731578947368421,Strong,0.249162243302379,-0.0305493792348014,0.247406080532647,1.08703949961537
sdim,1000,0.773684210526316,Mild,1.34477137639136,-1.31140502752823,0.297851681478154,1.0163314279669
sdim,1000,0.773684210526316,None,0.336356058244998,0.0107565904932822,0.336352235767176,3.65393596478281
sdim,1000,0.773684210526316,Strong,0.260775061044005,-0.0310907459521471,0.25904459477226,1.12445265985458
sdim,1000,0.81578947368421,Mild,1.36893628225068,-1.32286858893478,0.3523199833144,1.02629152456114
sdim,1000,0.81578947368421,None,0.364934948426787,0.0175269633792598,0.364696209828711,3.65069811753179
sdim,1000,0.81578947368421,Strong,0.272524560278198,-0.0329216684906759,0.270664106887804,1.16791116394123
sdim,1000,0.857894736842105,Mild,1.39588571464106,-1.34129684753689,0.386741857562607,1.0419028663241
sdim,1000,0.857894736842105,None,0.39655532719036,0.00508346444399495,0.396721153438894,3.59891465835685
sdim,1000,0.857894736842105,Strong,0.317827102437659,-0.0478784865905134,0.314357341418685,1.29316550572382
sdim,1000,0.9,Mild,1.39962224204483,-1.32813769976554,0.44180070025616,1.04846956393882
sdim,1000,0.9,None,0.457074962916169,-0.00453718700249734,0.457281140766403,3.56002876998094
sdim,1000,0.9,Strong,0.368209324730962,-0.0339689621720194,0.366822539115292,1.33113030819131
ra,100,0.1,Mild,1.952816747743,-1.37765510721363,1.38472998558085,1.27706266149514
ra,100,0.1,None,,,,
ra,100,0.1,Strong,2.00993766315782,-0.0213453463141738,2.01082998366203,
ra,100,0.142105263157895,Mild,1.72904034789412,-1.3297804917011,1.1056612751618,1.1802948671358
ra,100,0.142105263157895,None,0.381254015834947,-0.0012284401766944,0.3814428058558,1
ra,100,0.142105263157895,Strong,1.50723129680633,-0.0271862093860407,1.50774015415925,1.84866823788419
ra,100,0.18421052631579,Mild,1.60908996695775,-1.33109088631644,0.904536212591443,1.12110166266704
ra,100,0.18421052631579,None,0.317377134054422,-0.00213091127557439,0.317528784469536,1
ra,100,0.18421052631579,Strong,1.25264275834979,-0.0792518459059061,1.25075873868187,1.63331386527111
ra,100,0.226315789473684,Mild,1.53921476130097,-1.31490575579067,0.800528438330551,1.08948399507052
ra,100,0.226315789473684,None,0.289462410198739,0.00156610890952885,0.289603011250007,1
ra,100,0.226315789473684,Strong,1.03080386752787,-0.0246845018931848,1.03102390805242,1.38542618386855
ra,100,0.268421052631579,Mild,1.44885433121665,-1.26705695101916,0.70302190275626,1.04131596433522
ra,100,0.268421052631579,None,0.286379273298744,-0.011294674401944,0.286299643714871,1
ra,100,0.268421052631579,Strong,0.98054803136978,-0.00349911189128215,0.981032426916555,1.31115500087156
ra,100,0.310526315789474,Mild,1.4505740368651,-1.28806316883562,0.667460720439482,1.04295891988974
ra,100,0.310526315789474,None,0.273139131466648,0.00253502924024765,0.273264033486119,1
ra,100,0.310526315789474,Strong,0.849305874862806,-0.0279912007848695,0.84926922702702,1.22118216066405
ra,100,0.352631578947368,Mild,1.44067764908923,-1.31105672902923,0.597527724238537,1.01909325862752
ra,100,0.352631578947368,None,0.259649228551948,-0.00380426653167301,0.25975126595253,1
ra,100,0.352631578947368,Strong,0.839266107353182,-0.029108486820623,0.839180862190173,1.15512397436784
ra,100,0.394736842105263,Mild,1.44756648359898,-1.32269312362283,0.58845382407038,1.0185166179813
ra,100,0.394736842105263,None,0.260555580256716,-0.010691885045144,0.260466383116573,1
ra,100,0.394736842105263,Strong,0.762117097502566,-0.0342168440138969,0.761729551613475,1.09261104917077
ra,100,0.436842105263158,Mild,1.43229621826289,-1.32138884610871,0.552910195161562,1.00552355434208
ra,100,0.436842105263158,None,0.248821037190471,-0.00253523896568779,0.248932618514507,1
ra,100,0.436842105263158,Strong,0.731973282448726,-0.0143881781816898,0.732198047339586,1.05135202931023
ra,100,0.478947368421053,Mild,1.40992226135282,-1.30111430869395,0.543394531060547,1.00269442436276
ra,100,0.478947368421053,None,0.244977006046223,-0.00411742345160344,0.245064965167696,1
ra,100,0.478947368421053,Strong,0.697101936552294,-0.0428447774158563,0.696132196517423,1.02137055254828
ra,100,0.521052631578947,Mild,1.39909393906083,-1.3084217966721,0.495723707627955,1.00205521171857
ra,100,0.521052631578947,None,0.243519478471846,0.00183020008926403,0.24363444852348,1
ra,100,0.521052631578947,Strong,0.742676447706423,-0.050451045929809,0.741331619798409,1.02867414648253
ra,100,0.563157894736842,Mild,1.38540200212171,-1.28387794182873,0.520833375825542,1.00174232673468
ra,100,0.563157894736842,None,0.255486895230077,-0.00510755585610089,0.25556365016717,1
ra,100,0.563157894736842,Strong,0.751617536553614,-0.0297760876102096,0.751403295690354,1.04558865146487
ra,100,0.605263157894737,Mild,1.40755230932805,-1.29856564013325,0.543347041740205,1.00282194808416
ra,100,0.605263157894737,None,0.261755409090827,0.0133748824736198,0.26154428328534,1
ra,100,0.605263157894737,Strong,0.774189183551434,-0.0194649456025881,0.774331710197988,1.09296646904886
ra,100,0.647368421052632,Mild,1.43952426464093,-1.32040056790726,0.573673731584879,1.00995568679592
ra,100,0.647368421052632,None,0.262834662476692,-0.00819566364058578,0.262838305563704,1
ra,100,0.647368421052632,Strong,0.828902287897981,-0.0466079312461244,0.828005009600418,1.14759916453556
ra,100,0.689473684210526,Mild,1.44499831720138,-1.30449100407675,0.621860166809824,1.03219428644681
ra,100,0.689473684210526,None,0.248786471350618,-0.00513401076456953,0.24885795253739,1
ra,100,0.689473684210526,Strong,0.900693238060427,-0.0344681722474599,0.900483828458353,1.24697802456895
ra,100,0.731578947368421,Mild,1.47521155828725,-1.31122738628737,0.676305605792773,1.03394486399771
ra,100,0.731578947368421,None,0.285934376639981,0.0196759091555198,0.285399332729635,1
ra,100,0.731578947368421,Strong,1.00159187744682,0.0141678909906423,1.00199278908668,1.44645702451651
ra,100,0.773684210526316,Mild,1.49391248645931,-1.28461382608329,0.762970483697557,1.05284365394295
ra,100,0.773684210526316,None,0.300481587653521,-0.0108330802691667,0.300436500747901,1
ra,100,0.773684210526316,Strong,1.09000531783767,-0.0866758163683931,1.08709736291084,1.48634316927223
ra,100,0.81578947368421,Mild,1.57993931200212,-1.30508204241503,0.89093369844818,1.10063443253213
ra,100,0.81578947368421,None,0.318646310334608,0.00221769153339731,0.318798031862246,1
ra,100,0.81578947368421,Strong,1.27370523130723,-0.016224978414005,1.27423916585022,1.67182757634261
ra,100,0.857894736842105,Mild,1.64967139303048,-1.28080455154212,1.04021028795878,1.16029614440708
ra,100,0.857894736842105,None,0.357592933754925,-0.0104065543897695,0.3576203324748,1
ra,100,0.857894736842105,Strong,1.48902184058403,-0.00519572137853697,1.48975784093934,1.80480182394731
ra,100,0.9,Mild,1.86983616430913,-1.3269480075236,1.31804153962902,
ra,100,0.9,None,0.423887136057972,-0.0203716486701832,0.423609188746749,
ra,100,0.9,Strong,1.91510988221814,-0.0820854139691965,1.91430729461111,
ra,500,0.1,Mild,1.43314613733712,-1.3091111358406,0.583503522991753,1.07179695737475
ra,500,0.1,None,0.181866968730796,-0.000267557812336161,0.181957773561628,1
ra,500,0.1,Strong,0.839981051462229,-0.0442900737038298,0.83923230815666,2.14080791029192
ra,500,0.142105263157895,Mild,1.41098076444738,-1.34023770671632,0.441389206446945,1.04441163722391
ra,500,0.142105263157895,None,0.157900930698229,-0.00189953030826184,0.157968508727925,1
ra,500,0.142105263157895,Strong,0.667536077470679,-0.0373891627602911,0.666821652579889,1.89963883461124
ra,500,0.18421052631579,Mild,1.39844821578535,-1.34108008659125,0.396634507467704,1.04411050296679
ra,500,0.18421052631579,None,0.135296572336948,-0.000904372062603566,0.13536124727766,1
ra,500,0.18421052631579,Strong,0.572244000154279,-0.0600497493946048,0.569369304331495,1.69558946444691
ra,500,0.226315789473684,Mild,1.36349179451148,-1.31998833858823,0.341844287956405,1.0158681545364
ra,500,0.226315789473684,None,0.131735499029835,0.0023592388096067,0.131780278261269,1
ra,500,0.226315789473684,Strong,0.482047808203166,-0.0533524256300858,0.479325944879157,1.4452803878871
ra,500,0.268421052631579,Mild,1.33146503740885,-1.2938794806298,0.314283008221202,1.00404504365448
ra,500,0.268421052631579,None,0.119716152183835,-0.00366281406234596,0.119719980623989,1
ra,500,0.268421052631579,Strong,0.4302762297746,-0.0498892419570548,0.427588036519931,1.34863981120151
ra,500,0.310526315789474,Mild,1.35296205717208,-1.32339333817636,0.281452689157481,1.01204204216934
ra,500,0.310526315789474,None,0.121371851428866,-0.0042254771156359,0.121358970257984,1
ra,500,0.310526315789474,Strong,0.377130058812821,-0.0441166348784857,0.37472820151701,1.16908180348342
ra,500,0.352631578947368,Mild,1.33034286724775,-1.3047588557546,0.259776744000781,1.00154414638648
ra,500,0.352631578947368,None,0.112705177274681,0.00653100501093391,0.112572089940171,1
ra,500,0.352631578947368,Strong,0.356722324765572,-0.0295000898750638,0.355678322016214,1.14918562881574
ra,500,0.394736842105263,Mild,1.34297232567102,-1.31969793674883,0.249066371307813,1
ra,500,0.394736842105263,None,0.112896682582123,0.00382780162406619,0.112888230677077,1.00039052268694
ra,500,0.394736842105263,Strong,0.346333945815049,-0.0512301315666054,0.342695368744967,1.07191633920829
ra,500,0.436842105263158,Mild,1.34104500837753,-1.32195976550544,0.225554800097336,1.00124539403057
ra,500,0.436842105263158,None,0.10953421072825,0.00224841123410905,0.109565928369372,1
ra,500,0.436842105263158,Strong,0.329123351568346,-0.0519918625631755,0.325153427671183,1.0265666589527
ra,500,0.478947368421053,Mild,1.33337715557842,-1.31326737670403,0.230817488540933,1.00012912802565
ra,500,0.478947368421053,None,0.109179893790899,-0.000144807219780656,0.109234428636124,1
ra,500,0.478947368421053,Strong,0.320689202678689,-0.0486710851703855,0.317132879794065,1.00972106315118
ra,500,0.521052631578947,Mild,1.33162160031064,-1.31341796179448,0.219539385056749,1.00149083671862
ra,500,0.521052631578947,None,0.112835426475126,-0.00315024272711828,0.112847880275468,1
ra,500,0.521052631578947,Strong,0.311647259565014,-0.0368385282745274,0.309617183032497,1.00882728115928
ra,500,0.563157894736842,Mild,1.33762578897341,-1.31843844525484,0.225862416599023,1
ra,500,0.563157894736842,None,0.115120185280389,0.000909146244934704,0.115174196796436,1
ra,500,0.563157894736842,Strong,0.308673338668014,-0.0404332769506433,0.306166814396546,1.02166878227763
ra,500,0.605263157894737,Mild,1.33566286128153,-1.31406166337825,0.23936273386788,1
ra,500,0.605263157894737,None,0.109774184915653,-0.00131078744505868,0.109821283112128,1.00088068383671
ra,500,0.605263157894737,Strong,0.332221110627009,-0.0351461962922579,0.330522096218267,1.08619667632785
ra,500,0.647368421052632,Mild,1.32079106189163,-1.29802775664902,0.244279849325122,1
ra,500,0.647368421052632,None,0.111575990689652,0.00101438534053457,0.111627207051472,1
ra,500,0.647368421052632,Strong,0.374707199160502,-0.04056724143264,0.372691135805458,1.14813590951566
ra,500,0.689473684210526,Mild,1.33918262533882,-1.30994325777978,0.278453410301215,1.00662282698306
ra,500,0.689473684210526,None,0.119760956797238,0.00344918391152964,0.119771177828277,1
ra,500,0.689473684210526,Strong,0.400724515717495,-0.062554102459964,0.396010032332714,1.26501102946084
ra,500,0.731578947368421,Mild,1.34663010937411,-1.31441828135447,0.292921552894709,1.00639408148807
ra,500,0.731578947368421,None,0.122203582164273,0.00315034501652192,0.122224095617872,1.00211069088675
ra,500,0.731578947368421,Strong,0.438286635127578,-0.0348623684809211,0.437116529836165,1.36780058877489
ra,500,0.773684210526316,Mild,1.35389113089648,-1.31719819793987,0.313222301048304,1.00530826021606
ra,500,0.773684210526316,None,0.134963503050073,-0.00267585930616633,0.135004493057329,1
ra,500,0.773684210526316,Strong,0.485135696783916,-0.0474127937013317,0.48305487607595,1.47659236177773
ra,500,0.81578947368421,Mild,1.36845188432274,-1.31943701288861,0.363150667262469,1.02197177048038
ra,500,0.81578947368421,None,0.148654373751463,0.0020338703920442,0.148714835537605,1
ra,500,0.81578947368421,Strong,0.577080999556049,-0.0520168231527072,0.575019458397056,1.70364339080968
ra,500,0.857894736842105,Mild,1.38647734041175,-1.31426151332786,0.441849885574021,1.04261286351297
ra,500,0.857894736842105,None,0.154461507005136,-0.00356845516323976,0.154497549387725,1
ra,500,0.857894736842105,Strong,0.671841818199984,-0.0719929216714091,0.668307626018489,1.84029695152867
ra,500,0.9,Mild,1.40674981100803,-1.30834747389794,0.517145393166822,1.05323113266397
ra,500,0.9,None,0.183084878256785,0.0041091388058523,0.183130347973581,1
ra,500,0.9,Strong,0.809116529891894,-0.0388516765360666,0.808587608175349,2.06735148102456
ra,1000,0.1,Mild,1.39436130169008,-1.33286974915214,0.409718856030506,1.04284282907815
ra,1000,0.1,None,0.128118182667238,3.6101206053538e-05,0.128182284754109,1
ra,1000,0.1,Strong,0.574956230579412,-0.0656403734644523,0.571482809063044,2.14511225925295
ra,1000,0.142105263157895,Mild,1.36038551833236,-1.31835086921431,0.335726758818621,1.01646460260691
ra,1000,0.142105263157895,None,0.108894816539129,-0.00203507565985917,0.108930277432359,1
ra,1000,0.142105263157895,Strong,0.460756972055412,-0.0524447374415158,0.457991586282399,1.8336216881717
ra,1000,0.18421052631579,Mild,1.34276341107237,-1.31228900456053,0.284591178294426,1.01257457928948
ra,1000,0.18421052631579,None,0.0993672377305851,-0.0043592028774183,0.0993212464403996,1
ra,1000,0.18421052631579,Strong,0.387955159164581,-0.022359518989921,0.387504086236267,1.68715404147705
ra,1000,0.226315789473684,Mild,1.34823740033915,-1.32479926601327,0.250427047560975,1.0083934497603
ra,1000,0.226315789473684,None,0.0917219326269251,-0.00398665916816127,0.0916811043694037,1
ra,1000,0.226315789473684,Strong,0.337816717358696,-0.0332711056210609,0.336342525340031,1.4386846872791
ra,1000,0.268421052631579,Mild,1.331072637476,-1.31314425603958,0.217839351474048,1.00260558764716
ra,1000,0.268421052631579,None,0.08822659612003,0.00475416171889997,0.0881424943406189,1
ra,1000,0.268421052631579,Strong,0.304189472308915,-0.0308318914973383,0.302774341436167,1.3193755809685
ra,1000,0.310526315789474,Mild,1.34538460431215,-1.33103795409958,0.196051356539492,1.0043754529522
ra,1000,0.310526315789474,None,0.083329202490987,-0.00117709638682644,0.0833625800442361,1
ra,1000,0.310526315789474,Strong,0.265891260965274,-0.0369619720399319,0.263441410293219,1.19470793972842
ra,1000,0.352631578947368,Mild,1.33680551767504,-1.32410327698909,0.183938406241028,1.00453032555958
ra,1000,0.352631578947368,None,0.080940412486808,0.000596068221614442,0.0809787171350513,1
ra,1000,0.352631578947368,Strong,0.259816155072543,-0.0402827198173801,0.256802812689814,1.12913649012874
ra,1000,0.394736842105263,Mild,1.32978684144265,-1.31810172028377,0.175988268158713,1.00068311289696
ra,1000,0.394736842105263,None,0.0807134450423065,-0.00149413077144939,0.0807399946158397,1
ra,1000,0.394736842105263,Strong,0.237075399994438,-0.0427643683481291,0.233303202864374,1.04534847316014
ra,1000,0.436842105263158,Mild,1.32470044576125,-1.31431135417567,0.165663453014341,1
ra,1000,0.436842105263158,None,0.0816337058739911,-1.80689928472427e-05,0.0816745513643838,1.00002930895521
ra,1000,0.436842105263158,Strong,0.228567895071686,-0.0312396046876321,0.226536285051439,1.03087873966974
ra,1000,0.478947368421053,Mild,1.32614995543617,-1.3167721371065,0.157510802474764,1.00015901072152
ra,1000,0.478947368421053,None,0.0777633127252498,0.000675772190640549,0.077799285773188,1
ra,1000,0.478947368421053,Strong,0.230116062652952,-0.0369634391248778,0.227241600954057,1.00512336923955
ra,1000,0.521052631578947,Mild,1.33146809397062,-1.32230096429485,0.156050622823346,1.00025194992984
ra,1000,0.521052631578947,None,0.0799490931795789,0.0036539776513099,0.0799055119400353,1
ra,1000,0.521052631578947,Strong,0.224316939427885,-0.0349453372883643,0.221689103870422,1.00646978523666
ra,1000,0.563157894736842,Mild,1.3401226955941,-1.3302246818122,0.162657900935577,1.0009857890587
ra,1000,0.563157894736842,None,0.0738223642596334,-0.00393640457628098,0.0737542261146003,1
ra,1000,0.563157894736842,Strong,0.229531541688798,-0.0466164141687248,0.224860402829949,1.02832495041309
ra,1000,0.605263157894737,Mild,1.33534515184353,-1.32437103480179,0.170930553102871,1.00132316206528
ra,1000,0.605263157894737,None,0.0762751048713209,-0.0037090693483328,0.0762229910989613,1
ra,1000,0.605263157894737,Strong,0.240668292491675,-0.044066892913674,0.236717915103873,1.05820379636637
ra,1000,0.647368421052632,Mild,1.3354519421321,-1.32377725486596,0.176285977859673,1
ra,1000,0.647368421052632,None,0.0810431515776203,0.00298849793939299,0.0810285562294184,1
ra,1000,0.647368421052632,Strong,0.253868284084739,-0.0324056833976826,0.251917525764776,1.11646624717144
ra,1000,0.689473684210526,Mild,1.33722099111375,-1.32332256398564,0.192391229287706,1.00343551460923
ra,1000,0.689473684210526,None,0.0851839270125874,-0.000684709666916289,0.0852237976720558,1
ra,1000,0.689473684210526,Strong,0.269404068443319,-0.0477456030679154,0.265272084396858,1.20192805989724
ra,1000,0.731578947368421,Mild,1.34239163605155,-1.32666707607547,0.204967767183314,1.00491649519814
ra,1000,0.731578947368421,None,0.0883525345138943,0.00616433716547165,0.088181331638782,1
ra,1000,0.731578947368421,Strong,0.302857057108785,-0.0209434201828216,0.302283220402616,1.32129804038963
ra,1000,0.773684210526316,Mild,1.33947510228549,-1.32111305901345,0.221139633907031,1.0123286882303
ra,1000,0.773684210526316,None,0.0920530796069906,0.00347212383685388,0.0920336025873034,1
ra,1000,0.773684210526316,Strong,0.334710855491417,-0.0274534140268344,0.333749990109312,1.44326113943854
ra,1000,0.81578947368421,Mild,1.35331982686354,-1.32476086580319,0.276694347575705,1.01458386802861
ra,1000,0.81578947368421,None,0.0999630582091289,0.00276587986954747,0.0999747861860273,1
ra,1000,0.81578947368421,Strong,0.373866283255973,-0.0250164488164697,0.373215037892041,1.60221378062268
ra,1000,0.857894736842105,Mild,1.37165366920015,-1.335953484602,0.311060820490253,1.02381582858385
ra,1000,0.857894736842105,None,0.110187477291116,-0.00434677366419617,0.110156798386315,1
ra,1000,0.857894736842105,Strong,0.476845964769539,-0.0496337200711349,0.474493110235073,1.94017674532497
ra,1000,0.9,Mild,1.36882484548529,-1.31925814378412,0.365202382874981,1.02539895819162
ra,1000,0.9,None,0.129333186649187,0.00192632331553604,0.129383548219499,1.00733993926696
ra,1000,0.9,Strong,0.574176692413606,-0.033105613502774,0.573508329730183,2.07573232450656
lin,100,0.1,Mild,1.52914716452262,-1.22590007171007,0.914492406370938,1
lin,100,0.1,None,,,,
lin,100,0.1,Strong,,,,
lin,100,0.142105263157895,Mild,1.4649223647731,-1.28416161495463,0.705282854885132,1
lin,100,0.142105263157895,None,0.407950366355721,0.00114514221641852,0.408152886597546,1.07002247691033
lin,100,0.142105263157895,Strong,0.815306535764017,-0.0223858958816766,0.815406958170293,1
lin,100,0.18421052631579,Mild,1.43527569402564,-1.2900649513714,0.629400416259696,1
lin,100,0.18421052631579,None,0.336070914203289,0.00347884855310589,0.336221060595209,1.05890084112254
lin,100,0.18421052631579,Strong,0.766933279013013,-0.00329091083314033,0.767309969277405,1
lin,100,0.226315789473684,Mild,1.41279244877879,-1.27562609046424,0.607560458196258,1
lin,100,0.226315789473684,None,0.300400300345528,0.00375781634462552,0.300527096614937,1.03778691036007
lin,100,0.226315789473684,Strong,0.744033770640555,-0.0129248026478582,0.744293742083474,1
lin,100,0.268421052631579,Mild,1.39136859593005,-1.27041101467262,0.567701249115328,1
lin,100,0.268421052631579,None,0.292894876181352,-0.011776012240949,0.29280448852005,1.02275165659706
lin,100,0.268421052631579,Strong,0.747850582667939,-0.0402837639664908,0.747138493377067,1
lin,100,0.310526315789474,Mild,1.39082566839588,-1.27464572417685,0.556762338892049,1
lin,100,0.310526315789474,None,0.278172393672306,0.00415033753461528,0.278280605495827,1.01842746653924
lin,100,0.310526315789474,Strong,0.695478448850719,-0.0343670939993356,0.694976379335065,1
lin,100,0.352631578947368,Mild,1.41368578085728,-1.30772514083407,0.537262593265784,1
lin,100,0.352631578947368,None,0.262012379749081,-0.0051330866318421,0.262093173117503,1.00910132184991
lin,100,0.352631578947368,Strong,0.726559335600737,-0.0485439730913171,0.725298565305301,1
lin,100,0.394736842105263,Mild,1.42124974501453,-1.31113191763487,0.548803350372755,1
lin,100,0.394736842105263,None,0.263751720929039,-0.0107723743026753,0.263663506556372,1.0122666368119
lin,100,0.394736842105263,Strong,0.697519119984159,-0.0433908861837127,0.696516538948427,1
lin,100,0.436842105263158,Mild,1.42442831108024,-1.32067891548582,0.53393661037803,1
lin,100,0.436842105263158,None,0.251952769393177,-0.00273957800814494,0.252063938210476,1.01258628385311
lin,100,0.436842105263158,Strong,0.696220925096758,-0.0139372126125019,0.696429712887217,1
lin,100,0.478947368421053,Mild,1.40613354088297,-1.30089680357458,0.534007682951271,1
lin,100,0.478947368421053,None,0.246755609713438,-0.00423883602654813,0.246842651275421,1.00726028820386
lin,100,0.478947368421053,Strong,0.682516188481301,-0.043006899268175,0.681500695048605,1
lin,100,0.521052631578947,Mild,1.39622440230745,-1.30922925223844,0.485383295577434,1
lin,100,0.521052631578947,None,0.244962384052493,0.00204497528400619,0.245076416912962,1.00592521628948
lin,100,0.521052631578947,Strong,0.721974446666073,-0.0526100448411028,0.720415354572419,1
lin,100,0.563157894736842,Mild,1.38299237752848,-1.28926177324905,0.500722197490435,1
lin,100,0.563157894736842,None,0.257307852451685,-0.00514277976721206,0.257385178049249,1.00712739970466
lin,100,0.563157894736842,Strong,0.718846302989802,-0.0254130274879741,0.718756423381492,1
lin,100,0.605263157894737,Mild,1.40359144713288,-1.31108243417911,0.501381276511198,1
lin,100,0.605263157894737,None,0.265677876048131,0.0146767986171371,0.265404907959455,1.01498523744334
lin,100,0.605263157894737,Strong,0.708337543259826,-0.0224860093154835,0.708334802737519,1
lin,100,0.647368421052632,Mild,1.425334084912,-1.33029518299657,0.512009896234333,1
lin,100,0.647368421052632,None,0.266310419070309,-0.00827053886183905,0.266315154006662,1.01322411800965
lin,100,0.647368421052632,Strong,0.722292515987885,-0.0565937780286984,0.720432263010294,1
lin,100,0.689473684210526,Mild,1.3999286143848,-1.30647391556542,0.503169168901513,1
lin,100,0.689473684210526,None,0.255108206276699,-0.00669470497954584,0.255147953770484,1.02541028413548
lin,100,0.689473684210526,Strong,0.722300810691329,-0.0198179153785919,0.722390170831741,1
lin,100,0.731578947368421,Mild,1.42677971490995,-1.33138351862124,0.513207231910393,1
lin,100,0.731578947368421,None,0.289055547685169,0.0173272629935006,0.288680120230929,1.01091569010297
lin,100,0.731578947368421,Strong,0.692444960666294,0.0153172062883387,0.692621925638758,1
lin,100,0.773684210526316,Mild,1.41893098834242,-1.3199961735755,0.520813304287016,1
lin,100,0.773684210526316,None,0.302502868772076,-0.00905805065856681,0.30251851974448,1.00672680524068
lin,100,0.773684210526316,Strong,0.733347009204726,-0.0324972487813677,0.732993208546255,1
lin,100,0.81578947368421,Mild,1.43548054222445,-1.33101137185658,0.537868401666221,1
lin,100,0.81578947368421,None,0.332475075483773,0.00230747710167916,0.332633426407705,1.04339847881698
lin,100,0.81578947368421,Strong,0.761863992035386,-0.0375891341196218,0.761316887215167,1
lin,100,0.857894736842105,Mild,1.42176753838433,-1.2914614599249,0.594898423990978,1
lin,100,0.857894736842105,None,0.400491793898648,-0.0131393325891157,0.400476486620133,1.11996562597941
lin,100,0.857894736842105,Strong,0.825033430721698,0.0331102477261114,0.82478126642242,1
lin,100,0.9,Mild,,,,
lin,100,0.9,None,,,,
lin,100,0.9,Strong,,,,
lin,500,0.1,Mild,1.33714331569616,-1.29641411884795,0.327673693194627,1
lin,500,0.1,None,0.185185609639492,0.00056879061264609,0.18527739799824,1.01824762864778
lin,500,0.1,Strong,0.392366380665927,-0.0365915127132029,0.390851894043403,1
lin,500,0.142105263157895,Mild,1.35098146569664,-1.32263857485773,0.275416003400497,1
lin,500,0.142105263157895,None,0.161184900425657,-0.00167255497932219,0.161256871058363,1.02079765909489
lin,500,0.142105263157895,Strong,0.351401574503655,-0.0240819463033562,0.350750841165732,1
lin,500,0.18421052631579,Mild,1.33936801881767,-1.31271909746166,0.265981215498457,1
lin,500,0.18421052631579,None,0.136204803642754,-0.00101770727590298,0.136269153110127,1.00671289220502
lin,500,0.18421052631579,Strong,0.337489712075406,-0.054582651173349,0.333213251565192,1
lin,500,0.226315789473684,Mild,1.34219365812655,-1.31690745732499,0.259433749977863,1
lin,500,0.226315789473684,None,0.132976994522238,0.00186727472633405,0.133030415502292,1.00942415295456
lin,500,0.226315789473684,Strong,0.333532380459328,-0.0374606729975381,0.331587842495361,1
lin,500,0.268421052631579,Mild,1.32610090137255,-1.30008887059095,0.261497438030899,1
lin,500,0.268421052631579,None,0.120836960383953,-0.00335320496644247,0.120850866539009,1.00936221370026
lin,500,0.268421052631579,Strong,0.319044585663882,-0.0373089520434519,0.31701417590793,1
lin,500,0.310526315789474,Mild,1.33686349064311,-1.3143649854652,0.244352994627713,1
lin,500,0.310526315789474,None,0.121639348132877,-0.00461349796434984,0.121612648548625,1.002203943508
lin,500,0.310526315789474,Strong,0.322586544148678,-0.0482079576120454,0.319123661297406,1
lin,500,0.352631578947368,Mild,1.3282917902796,-1.30645218466494,0.239998684740274,1
lin,500,0.352631578947368,None,0.113365404695867,0.00695461913199132,0.113208499764839,1.00585800437168
lin,500,0.352631578947368,Strong,0.310413144596301,-0.0218906602985291,0.309795242736683,1
lin,500,0.394736842105263,Mild,1.34313002816368,-1.3222473737626,0.236042095830124,1.00011742795413
lin,500,0.394736842105263,None,0.112852611077217,0.00392883382595832,0.112840635857897,1
lin,500,0.394736842105263,Strong,0.323097925786679,-0.048154719690307,0.319649132937021,1
lin,500,0.436842105263158,Mild,1.33937695631146,-1.32076188370755,0.22263927301652,1
lin,500,0.436842105263158,None,0.109658556169678,0.00221834900284315,0.109690974919994,1.00113522013443
lin,500,0.436842105263158,Strong,0.320605923344634,-0.0555477645741987,0.315915188525046,1
lin,500,0.478947368421053,Mild,1.3332050014488,-1.31324854139967,0.229927621461305,1
lin,500,0.478947368421053,None,0.109347667919215,-0.000142512280361159,0.109402289878464,1.00153667605354
lin,500,0.478947368421053,Strong,0.317601775759603,-0.048400620706565,0.31404919164941,1
lin,500,0.521052631578947,Mild,1.32963932518214,-1.31198560213799,0.216058316316433,1
lin,500,0.521052631578947,None,0.113053974715216,-0.00313484139026013,0.113067051462808,1.00193687609395
lin,500,0.521052631578947,Strong,0.308920332930418,-0.0357908646467465,0.306993535985394,1
lin,500,0.563157894736842,Mild,1.33835382860665,-1.32014724111932,0.220115158483254,1.00054427750963
lin,500,0.563157894736842,None,0.115324558361249,0.000821624565653973,0.11537933560814,1.00177530187571
lin,500,0.563157894736842,Strong,0.302126622661292,-0.0380847755597075,0.299866580260693,1
lin,500,0.605263157894737,Mild,1.33685119147139,-1.31700118818789,0.229633861092666,1.00088969321848
lin,500,0.605263157894737,None,0.109677593631692,-0.00123144585331025,0.109725556657201,1
lin,500,0.605263157894737,Strong,0.305857233655107,-0.0396952072129091,0.303422152959182,1
lin,500,0.647368421052632,Mild,1.32139088978485,-1.30312190522558,0.219078020135695,1.00045414290763
lin,500,0.647368421052632,None,0.111843874342,0.00124390798289868,0.111892917316982,1.00240090767461
lin,500,0.647368421052632,Strong,0.326361361973751,-0.0499029109381884,0.322684929355075,1
lin,500,0.689473684210526,Mild,1.33037180306399,-1.31009583479545,0.231498660188345,1
lin,500,0.689473684210526,None,0.120158620373351,0.00308781420986953,0.120179043330725,1.0033204776143
lin,500,0.689473684210526,Strong,0.316775511347351,-0.052706548913903,0.312516256699813,1
lin,500,0.731578947368421,Mild,1.33807435292442,-1.31906751566662,0.224843095256864,1
lin,500,0.731578947368421,None,0.121946191449307,0.00311829542790345,0.121967314754748,1
lin,500,0.731578947368421,Strong,0.320431676023872,-0.0399363429168872,0.318092329747412,1
lin,500,0.773684210526316,Mild,1.34674227247024,-1.32784925190395,0.224903744679329,1
lin,500,0.773684210526316,None,0.135987771601968,-0.00229617544194205,0.136036419796758,1.00758922618891
lin,500,0.773684210526316,Strong,0.328550864369798,-0.0434675658313266,0.325825725814343,1
lin,500,0.81578947368421,Mild,1.33903100247034,-1.31912816446901,0.230125768114956,1
lin,500,0.81578947368421,None,0.149733205036464,0.000939599125308293,0.149805178266343,1.00725731277039
lin,500,0.81578947368421,Strong,0.338733447779692,-0.0489890382084293,0.335339940442212,1
lin,500,0.857894736842105,Mild,1.32981031496213,-1.30707556736965,0.244967230275622,1
lin,500,0.857894736842105,None,0.156453698494526,-0.00200308765987218,0.15651915428503,1.01289765669141
lin,500,0.857894736842105,Strong,0.365072505087783,-0.0478883194327766,0.362099100511953,1
lin,500,0.9,Mild,1.33565156534054,-1.30923897056892,0.264439691216307,1
lin,500,0.9,None,0.18786468727546,0.00387960329448688,0.187918606865286,1.02610706610063
lin,500,0.9,Strong,0.391378310518782,-0.0295685506926232,0.390455039527429,1
lin,1000,0.1,Mild,1.33707713455024,-1.31680586621886,0.232059099917537,1
lin,1000,0.1,None,0.129492569142615,0.000844536652892019,0.12955460863132,1.01072748962532
lin,1000,0.1,Strong,0.268030835262507,-0.0482762517984004,0.26377928591057,1
lin,1000,0.142105263157895,Mild,1.33835011553123,-1.32073004888721,0.216564239380899,1
lin,1000,0.142105263157895,None,0.109259345028457,-0.00122952807583787,0.109307093903076,1.00334752838486
lin,1000,0.142105263157895,Strong,0.251282461931846,-0.0456212238996897,0.247230059472408,1
lin,1000,0.18421052631579,Mild,1.32608840725054,-1.31228790814918,0.190911909861693,1
lin,1000,0.18421052631579,None,0.100024697577548,-0.0041861185966275,0.0999870689165628,1.00661646496349
lin,1000,0.18421052631579,Strong,0.229946495475267,-0.0250838021817386,0.228688635794623,1
lin,1000,0.226315789473684,Mild,1.33701523017591,-1.32389238920411,0.18695887556069,1
lin,1000,0.226315789473684,None,0.0920345346193791,-0.00377406464483763,0.09200313350771,1.00340814877643
lin,1000,0.226315789473684,Strong,0.234809420261216,-0.0398883009895306,0.231512386866988,1
lin,1000,0.268421052631579,Mild,1.32761342433734,-1.31647782455046,0.171677065919087,1
lin,1000,0.268421052631579,None,0.0883431994257594,0.00484049177307053,0.0882546282275208,1.00132163441476
lin,1000,0.268421052631579,Strong,0.230555633056072,-0.023490533227051,0.229470589693165,1
lin,1000,0.310526315789474,Mild,1.33952358190117,-1.32876861306511,0.169487832978945,1
lin,1000,0.310526315789474,None,0.0833549379560219,-0.00118772768858524,0.0833881800566674,1.00030884088969
lin,1000,0.310526315789474,Strong,0.222557540737293,-0.0353323331467994,0.219844984001059,1
lin,1000,0.352631578947368,Mild,1.33077666613038,-1.31978467406425,0.170775037214275,1
lin,1000,0.352631578947368,None,0.0810085198545223,0.000874190333463601,0.081044335178629,1.00084145071197
lin,1000,0.352631578947368,Strong,0.230101637263462,-0.0383386262368645,0.2269987701536,1
lin,1000,0.394736842105263,Mild,1.32887906701347,-1.3184404597082,0.16631894342488,1
lin,1000,0.394736842105263,None,0.0808321693167911,-0.0014286452949559,0.0808599833414871,1.00147093553524
lin,1000,0.394736842105263,Strong,0.226790784203997,-0.0418256381409138,0.223012130172719,1
lin,1000,0.436842105263158,Mild,1.32581327603818,-1.31573856756971,0.163216127367749,1.00084006182718
lin,1000,0.436842105263158,None,0.0816313133454849,-3.69406821903657e-05,0.0816721512768516,1
lin,1000,0.436842105263158,Strong,0.221721417152235,-0.0316124308240501,0.219566049952359,1
lin,1000,0.478947368421053,Mild,1.32593911690051,-1.31658999574478,0.157257924717796,1
lin,1000,0.478947368421053,None,0.0777851151079353,0.000677451257531312,0.0778210852755336,1.00028036849153
lin,1000,0.478947368421053,Strong,0.228943102603466,-0.0377374514034268,0.225924480440118,1
lin,1000,0.521052631578947,Mild,1.33113271517643,-1.32201104849049,0.155644847009023,1
lin,1000,0.521052631578947,None,0.0799979507523973,0.0036655140802461,0.07995391647612,1.00061110853013
lin,1000,0.521052631578947,Strong,0.222874986132982,-0.0346150660276454,0.220280685099503,1
lin,1000,0.563157894736842,Mild,1.33880291832547,-1.32943678391177,0.158164812164136,1
lin,1000,0.563157894736842,None,0.0738993198156059,-0.00393244711924994,0.0738315408567964,1.0010424423106
lin,1000,0.563157894736842,Strong,0.2232091534846,-0.0474731759346263,0.218211457091505,1
lin,1000,0.605263157894737,Mild,1.33358060857128,-1.32395556437538,0.160014085706351,1
lin,1000,0.605263157894737,None,0.076405979302442,-0.003733569335685,0.0763528905613789,1.00171582105776
lin,1000,0.605263157894737,Strong,0.227430947911996,-0.0388946581843839,0.224192559949713,1
lin,1000,0.647368421052632,Mild,1.33723527288053,-1.32771864650307,0.159332223738476,1.00133537620649
lin,1000,0.647368421052632,None,0.0810713219484945,0.00287723621334556,0.0810607895708827,1.00034759717911
lin,1000,0.647368421052632,Strong,0.227385543206445,-0.038077812401194,0.224286803071561,1
lin,1000,0.689473684210526,Mild,1.33264267772554,-1.32264124223022,0.163043656979658,1
lin,1000,0.689473684210526,None,0.0854184398637864,-0.000544085496211443,0.0854594474408359,1.00275301761052
lin,1000,0.689473684210526,Strong,0.224143255683999,-0.0487602889632222,0.21888477295755,1
lin,1000,0.731578947368421,Mild,1.33582406345801,-1.32557587217548,0.165232676723295,1
lin,1000,0.731578947368421,None,0.0884265106903526,0.00598020068996409,0.0882682064440399,1.00083728414658
lin,1000,0.731578947368421,Strong,0.229211765893088,-0.037297378496435,0.226270053958627,1
lin,1000,0.773684210526316,Mild,1.32316224745847,-1.31396193005348,0.155841798422677,1
lin,1000,0.773684210526316,None,0.0924400625960663,0.00314913783113232,0.0924326343646051,1.00420391138165
lin,1000,0.773684210526316,Strong,0.231912885579132,-0.0331036912626544,0.229652939443459,1
lin,1000,0.81578947368421,Mild,1.33386688819833,-1.32283636726549,0.171272166526748,1
lin,1000,0.81578947368421,None,0.100443086957795,0.00261862910903916,0.100459188468493,1.00480206145416
lin,1000,0.81578947368421,Strong,0.233343569864114,-0.040383122952933,0.229937592128322,1
lin,1000,0.857894736842105,Mild,1.33974649629849,-1.32779843402703,0.178616619709006,1
lin,1000,0.857894736842105,None,0.110527188683102,-0.00456159994931688,0.110488274957099,1.00308303085194
lin,1000,0.857894736842105,Strong,0.245774497564998,-0.0427452155353467,0.242149926262539,1
lin,1000,0.9,Mild,1.33491928634229,-1.32205908854373,0.184941804139744,1
lin,1000,0.9,None,0.128390805931216,0.00166415883001227,0.128444258535002,1
lin,1000,0.9,Strong,0.276614034302375,-0.0313279715432461,0.274971801579152,1
